"filename", "language", "Dart", "Markdown", "comment", "blank", "total"
"c:\Users\Bashar Al-himyary\Desktop\projects\algonaidPlatform\algonaid_mobile_app\lib\auth_gate.dart", "Dart", 26, 0, 0, 6, 32
"c:\Users\Bashar Al-himyary\Desktop\projects\algonaidPlatform\algonaid_mobile_app\lib\core\common\README.md", "Markdown", 0, 8, 0, 4, 12
"c:\Users\Bashar Al-himyary\Desktop\projects\algonaidPlatform\algonaid_mobile_app\lib\core\common\enums\language_type.dart", "Dart", 11, 0, 0, 2, 13
"c:\Users\Bashar Al-himyary\Desktop\projects\algonaidPlatform\algonaid_mobile_app\lib\core\common\enums\lesson_status.dart", "Dart", 4, 0, 0, 3, 7
"c:\Users\Bashar Al-himyary\Desktop\projects\algonaidPlatform\algonaid_mobile_app\lib\core\common\enums\password_strength.dart", "Dart", 1, 0, 0, 1, 2
"c:\Users\Bashar Al-himyary\Desktop\projects\algonaidPlatform\algonaid_mobile_app\lib\core\common\enums\user_role.dart", "Dart", 15, 0, 0, 2, 17
"c:\Users\Bashar Al-himyary\Desktop\projects\algonaidPlatform\algonaid_mobile_app\lib\core\common\extensions\lession_status.dart", "Dart", 66, 0, 1, 6, 73
"c:\Users\Bashar Al-himyary\Desktop\projects\algonaidPlatform\algonaid_mobile_app\lib\core\common\extensions\theme_helper.dart", "Dart", 34, 0, 12, 13, 59
"c:\Users\Bashar Al-himyary\Desktop\projects\algonaidPlatform\algonaid_mobile_app\lib\core\common\type_def\typesdef.dart", "Dart", 1, 0, 8, 5, 14
"c:\Users\Bashar Al-himyary\Desktop\projects\algonaidPlatform\algonaid_mobile_app\lib\core\constants\README.md", "Markdown", 0, 10, 0, 4, 14
"c:\Users\Bashar Al-himyary\Desktop\projects\algonaidPlatform\algonaid_mobile_app\lib\core\constants\app_constants.dart", "Dart", 108, 0, 12, 18, 138
"c:\Users\Bashar Al-himyary\Desktop\projects\algonaidPlatform\algonaid_mobile_app\lib\core\constants\app_strings.dart", "Dart", 21, 0, 2, 3, 26
"c:\Users\Bashar Al-himyary\Desktop\projects\algonaidPlatform\algonaid_mobile_app\lib\core\constants\assets_constants.dart", "Dart", 19, 0, 4, 4, 27
"c:\Users\Bashar Al-himyary\Desktop\projects\algonaidPlatform\algonaid_mobile_app\lib\core\constants\endpoints.dart", "Dart", 26, 0, 3, 5, 34
"c:\Users\Bashar Al-himyary\Desktop\projects\algonaidPlatform\algonaid_mobile_app\lib\core\di\README.md", "Markdown", 0, 8, 0, 4, 12
"c:\Users\Bashar Al-himyary\Desktop\projects\algonaidPlatform\algonaid_mobile_app\lib\core\di\service_locator.dart", "Dart", 181, 0, 5, 50, 236
"c:\Users\Bashar Al-himyary\Desktop\projects\algonaidPlatform\algonaid_mobile_app\lib\core\errors\README.md", "Markdown", 0, 9, 0, 4, 13
"c:\Users\Bashar Al-himyary\Desktop\projects\algonaidPlatform\algonaid_mobile_app\lib\core\errors\exception.dart", "Dart", 8, 0, 3, 5, 16
"c:\Users\Bashar Al-himyary\Desktop\projects\algonaidPlatform\algonaid_mobile_app\lib\core\errors\exceptions.dart", "Dart", 18, 0, 0, 6, 24
"c:\Users\Bashar Al-himyary\Desktop\projects\algonaidPlatform\algonaid_mobile_app\lib\core\errors\failure.dart", "Dart", 13, 0, 0, 4, 17
"c:\Users\Bashar Al-himyary\Desktop\projects\algonaidPlatform\algonaid_mobile_app\lib\core\network\README.md", "Markdown", 0, 12, 0, 4, 16
"c:\Users\Bashar Al-himyary\Desktop\projects\algonaidPlatform\algonaid_mobile_app\lib\core\network\api_service.dart", "Dart", 47, 0, 0, 8, 55
"c:\Users\Bashar Al-himyary\Desktop\projects\algonaidPlatform\algonaid_mobile_app\lib\core\network\check_internet.dart", "Dart", 5, 0, 0, 2, 7
"c:\Users\Bashar Al-himyary\Desktop\projects\algonaidPlatform\algonaid_mobile_app\lib\core\network\dio_error_handler.dart", "Dart", 41, 0, 3, 12, 56
"c:\Users\Bashar Al-himyary\Desktop\projects\algonaidPlatform\algonaid_mobile_app\lib\core\network\end_points.dart", "Dart", 0, 0, 0, 1, 1
"c:\Users\Bashar Al-himyary\Desktop\projects\algonaidPlatform\algonaid_mobile_app\lib\core\network\execute_request.dart", "Dart", 18, 0, 4, 3, 25
"c:\Users\Bashar Al-himyary\Desktop\projects\algonaidPlatform\algonaid_mobile_app\lib\core\network\initial_dio.dart", "Dart", 56, 0, 4, 8, 68
"c:\Users\Bashar Al-himyary\Desktop\projects\algonaidPlatform\algonaid_mobile_app\lib\core\routes\README.md", "Markdown", 0, 10, 0, 4, 14
"c:\Users\Bashar Al-himyary\Desktop\projects\algonaidPlatform\algonaid_mobile_app\lib\core\routes\appRouters.dart", "Dart", 101, 0, 0, 6, 107
"c:\Users\Bashar Al-himyary\Desktop\projects\algonaidPlatform\algonaid_mobile_app\lib\core\routes\authGuard.dart", "Dart", 0, 0, 29, 7, 36
"c:\Users\Bashar Al-himyary\Desktop\projects\algonaidPlatform\algonaid_mobile_app\lib\core\routes\navigatorKey.dart", "Dart", 2, 0, 0, 2, 4
"c:\Users\Bashar Al-himyary\Desktop\projects\algonaidPlatform\algonaid_mobile_app\lib\core\routes\paths_routes.dart", "Dart", 10, 0, 0, 1, 11
"c:\Users\Bashar Al-himyary\Desktop\projects\algonaidPlatform\algonaid_mobile_app\lib\core\theme\README.md", "Markdown", 0, 10, 0, 4, 14
"c:\Users\Bashar Al-himyary\Desktop\projects\algonaidPlatform\algonaid_mobile_app\lib\core\theme\animation.dart", "Dart", 91, 0, 1, 10, 102
"c:\Users\Bashar Al-himyary\Desktop\projects\algonaidPlatform\algonaid_mobile_app\lib\core\theme\app_shadows.dart", "Dart", 42, 0, 0, 9, 51
"c:\Users\Bashar Al-himyary\Desktop\projects\algonaidPlatform\algonaid_mobile_app\lib\core\theme\colors.dart", "Dart", 45, 0, 6, 15, 66
"c:\Users\Bashar Al-himyary\Desktop\projects\algonaidPlatform\algonaid_mobile_app\lib\core\theme\styles.dart", "Dart", 82, 0, 2, 22, 106
"c:\Users\Bashar Al-himyary\Desktop\projects\algonaidPlatform\algonaid_mobile_app\lib\core\theme\theme.dart", "Dart", 225, 0, 20, 22, 267
"c:\Users\Bashar Al-himyary\Desktop\projects\algonaidPlatform\algonaid_mobile_app\lib\core\theme\theme_provider.dart", "Dart", 29, 0, 0, 8, 37
"c:\Users\Bashar Al-himyary\Desktop\projects\algonaidPlatform\algonaid_mobile_app\lib\core\usecase\usecase.dart", "Dart", 5, 0, 1, 3, 9
"c:\Users\Bashar Al-himyary\Desktop\projects\algonaidPlatform\algonaid_mobile_app\lib\core\userCases\README.md", "Markdown", 0, 8, 0, 4, 12
"c:\Users\Bashar Al-himyary\Desktop\projects\algonaidPlatform\algonaid_mobile_app\lib\core\userCases\no_param_use_case.dart", "Dart", 5, 0, 0, 2, 7
"c:\Users\Bashar Al-himyary\Desktop\projects\algonaidPlatform\algonaid_mobile_app\lib\core\userCases\use_case.dart", "Dart", 5, 0, 0, 2, 7
"c:\Users\Bashar Al-himyary\Desktop\projects\algonaidPlatform\algonaid_mobile_app\lib\core\userCases\usecase.dart", "Dart", 6, 0, 0, 3, 9
"c:\Users\Bashar Al-himyary\Desktop\projects\algonaidPlatform\algonaid_mobile_app\lib\core\utils\README.md", "Markdown", 0, 10, 0, 4, 14
"c:\Users\Bashar Al-himyary\Desktop\projects\algonaidPlatform\algonaid_mobile_app\lib\core\utils\cache\per_caching_for_images.dart", "Dart", 0, 0, 0, 2, 2
"c:\Users\Bashar Al-himyary\Desktop\projects\algonaidPlatform\algonaid_mobile_app\lib\core\utils\cache\shared_pref.dart", "Dart", 40, 0, 21, 16, 77
"c:\Users\Bashar Al-himyary\Desktop\projects\algonaidPlatform\algonaid_mobile_app\lib\core\utils\functions\check_user_auth_token.dart", "Dart", 24, 0, 0, 5, 29
"c:\Users\Bashar Al-himyary\Desktop\projects\algonaidPlatform\algonaid_mobile_app\lib\core\utils\functions\share_product.dart", "Dart", 0, 0, 23, 4, 27
"c:\Users\Bashar Al-himyary\Desktop\projects\algonaidPlatform\algonaid_mobile_app\lib\core\utils\functions\user_friendly_error.dart", "Dart", 35, 0, 0, 8, 43
"c:\Users\Bashar Al-himyary\Desktop\projects\algonaidPlatform\algonaid_mobile_app\lib\core\utils\hive\hive_data.dart", "Dart", 35, 0, 5, 8, 48
"c:\Users\Bashar Al-himyary\Desktop\projects\algonaidPlatform\algonaid_mobile_app\lib\core\utils\hive\hive_setup.dart", "Dart", 42, 0, 0, 5, 47
"c:\Users\Bashar Al-himyary\Desktop\projects\algonaidPlatform\algonaid_mobile_app\lib\core\utils\hive\init_hive.dart", "Dart", 28, 0, 0, 6, 34
"c:\Users\Bashar Al-himyary\Desktop\projects\algonaidPlatform\algonaid_mobile_app\lib\core\utils\hive\token_storage.dart", "Dart", 20, 0, 0, 5, 25
"c:\Users\Bashar Al-himyary\Desktop\projects\algonaidPlatform\algonaid_mobile_app\lib\core\utils\platform\open_external_url.dart", "Dart", 6, 0, 0, 2, 8
"c:\Users\Bashar Al-himyary\Desktop\projects\algonaidPlatform\algonaid_mobile_app\lib\core\utils\platform\open_external_url_stub.dart", "Dart", 1, 0, 0, 1, 2
"c:\Users\Bashar Al-himyary\Desktop\projects\algonaidPlatform\algonaid_mobile_app\lib\core\utils\platform\open_external_url_web.dart", "Dart", 4, 0, 0, 2, 6
"c:\Users\Bashar Al-himyary\Desktop\projects\algonaidPlatform\algonaid_mobile_app\lib\core\utils\providers\app_providers.dart", "Dart", 50, 0, 1, 5, 56
"c:\Users\Bashar Al-himyary\Desktop\projects\algonaidPlatform\algonaid_mobile_app\lib\core\utils\validations\app_validation.dart", "Dart", 117, 0, 17, 28, 162
"c:\Users\Bashar Al-himyary\Desktop\projects\algonaidPlatform\algonaid_mobile_app\lib\core\utils\validations\validation_pattern.dart", "Dart", 17, 0, 9, 7, 33
"c:\Users\Bashar Al-himyary\Desktop\projects\algonaidPlatform\algonaid_mobile_app\lib\core\widgets\README.md", "Markdown", 0, 11, 0, 4, 15
"c:\Users\Bashar Al-himyary\Desktop\projects\algonaidPlatform\algonaid_mobile_app\lib\core\widgets\buttons\custom_button.dart", "Dart", 33, 0, 0, 5, 38
"c:\Users\Bashar Al-himyary\Desktop\projects\algonaidPlatform\algonaid_mobile_app\lib\core\widgets\loading\continueLearningShimmer.dart", "Dart", 97, 0, 7, 6, 110
"c:\Users\Bashar Al-himyary\Desktop\projects\algonaidPlatform\algonaid_mobile_app\lib\core\widgets\loading\courseCardShimmer.dart", "Dart", 81, 0, 2, 4, 87
"c:\Users\Bashar Al-himyary\Desktop\projects\algonaidPlatform\algonaid_mobile_app\lib\core\widgets\loading\shimmer_loading.dart", "Dart", 42, 0, 0, 6, 48
"c:\Users\Bashar Al-himyary\Desktop\projects\algonaidPlatform\algonaid_mobile_app\lib\core\widgets\shared\app_error_state.dart", "Dart", 56, 0, 0, 5, 61
"c:\Users\Bashar Al-himyary\Desktop\projects\algonaidPlatform\algonaid_mobile_app\lib\core\widgets\shared\circular_reveal.dart", "Dart", 62, 0, 0, 10, 72
"c:\Users\Bashar Al-himyary\Desktop\projects\algonaidPlatform\algonaid_mobile_app\lib\core\widgets\shared\expertBadge3D.dart", "Dart", 227, 0, 5, 21, 253
"c:\Users\Bashar Al-himyary\Desktop\projects\algonaidPlatform\algonaid_mobile_app\lib\core\widgets\shared\heroWidget.dart", "Dart", 33, 0, 1, 3, 37
"c:\Users\Bashar Al-himyary\Desktop\projects\algonaidPlatform\algonaid_mobile_app\lib\core\widgets\shared\linearProgress.dart", "Dart", 33, 0, 0, 3, 36
"c:\Users\Bashar Al-himyary\Desktop\projects\algonaidPlatform\algonaid_mobile_app\lib\core\widgets\shared\section_header.dart", "Dart", 17, 0, 0, 3, 20
"c:\Users\Bashar Al-himyary\Desktop\projects\algonaidPlatform\algonaid_mobile_app\lib\core\widgets\shared\show_dialog.dart", "Dart", 134, 0, 6, 9, 149
"c:\Users\Bashar Al-himyary\Desktop\projects\algonaidPlatform\algonaid_mobile_app\lib\core\widgets\shared\textform_field.dart", "Dart", 136, 0, 1, 9, 146
"c:\Users\Bashar Al-himyary\Desktop\projects\algonaidPlatform\algonaid_mobile_app\lib\features\auth\data\datasources\auth_remote_datasourse.dart", "Dart", 55, 0, 1, 7, 63
"c:\Users\Bashar Al-himyary\Desktop\projects\algonaidPlatform\algonaid_mobile_app\lib\features\auth\data\models\auth_models.dart", "Dart", 43, 0, 1, 7, 51
"c:\Users\Bashar Al-himyary\Desktop\projects\algonaidPlatform\algonaid_mobile_app\lib\features\auth\data\repositories\auth_repo_impl.dart", "Dart", 87, 0, 1, 7, 95
"c:\Users\Bashar Al-himyary\Desktop\projects\algonaidPlatform\algonaid_mobile_app\lib\features\auth\domain\entities\user_entity.dart", "Dart", 17, 0, 1, 2, 20
"c:\Users\Bashar Al-himyary\Desktop\projects\algonaidPlatform\algonaid_mobile_app\lib\features\auth\domain\repositories\auth_repo.dart", "Dart", 17, 0, 0, 2, 19
"c:\Users\Bashar Al-himyary\Desktop\projects\algonaidPlatform\algonaid_mobile_app\lib\features\auth\domain\usecases\logout_usecase.dart", "Dart", 11, 0, 0, 4, 15
"c:\Users\Bashar Al-himyary\Desktop\projects\algonaidPlatform\algonaid_mobile_app\lib\features\auth\domain\usecases\signin_usecase.dart", "Dart", 18, 0, 1, 4, 23
"c:\Users\Bashar Al-himyary\Desktop\projects\algonaidPlatform\algonaid_mobile_app\lib\features\auth\domain\usecases\signup_usecase.dart", "Dart", 31, 0, 1, 4, 36
"c:\Users\Bashar Al-himyary\Desktop\projects\algonaidPlatform\algonaid_mobile_app\lib\features\auth\presentation\pages\signin_&_signup_pages.dart", "Dart", 180, 0, 21, 20, 221
"c:\Users\Bashar Al-himyary\Desktop\projects\algonaidPlatform\algonaid_mobile_app\lib\features\auth\presentation\providers\auth_service_provider.dart", "Dart", 148, 0, 4, 27, 179
"c:\Users\Bashar Al-himyary\Desktop\projects\algonaidPlatform\algonaid_mobile_app\lib\features\auth\presentation\widgets\animated_switcher.dart", "Dart", 15, 0, 1, 3, 19
"c:\Users\Bashar Al-himyary\Desktop\projects\algonaidPlatform\algonaid_mobile_app\lib\features\auth\presentation\widgets\auth_header.dart", "Dart", 9, 0, 0, 3, 12
"c:\Users\Bashar Al-himyary\Desktop\projects\algonaidPlatform\algonaid_mobile_app\lib\features\auth\presentation\widgets\drop_down_bottun.dart", "Dart", 42, 0, 2, 5, 49
"c:\Users\Bashar Al-himyary\Desktop\projects\algonaidPlatform\algonaid_mobile_app\lib\features\auth\presentation\widgets\label.dart", "Dart", 20, 0, 2, 2, 24
"c:\Users\Bashar Al-himyary\Desktop\projects\algonaidPlatform\algonaid_mobile_app\lib\features\auth\presentation\widgets\signin_with_google.dart", "Dart", 33, 0, 2, 4, 39
"c:\Users\Bashar Al-himyary\Desktop\projects\algonaidPlatform\algonaid_mobile_app\lib\features\auth\presentation\widgets\swap_bottons.dart", "Dart", 83, 0, 3, 6, 92
"c:\Users\Bashar Al-himyary\Desktop\projects\algonaidPlatform\algonaid_mobile_app\lib\features\courses\README.md", "Markdown", 0, 12, 0, 6, 18
"c:\Users\Bashar Al-himyary\Desktop\projects\algonaidPlatform\algonaid_mobile_app\lib\features\courses\data\README.md", "Markdown", 0, 2, 0, 1, 3
"c:\Users\Bashar Al-himyary\Desktop\projects\algonaidPlatform\algonaid_mobile_app\lib\features\courses\data\datasources\course_local_stroage.dart", "Dart", 63, 0, 0, 9, 72
"c:\Users\Bashar Al-himyary\Desktop\projects\algonaidPlatform\algonaid_mobile_app\lib\features\courses\data\datasources\courses_remote_data_source.dart", "Dart", 50, 0, 0, 12, 62
"c:\Users\Bashar Al-himyary\Desktop\projects\algonaidPlatform\algonaid_mobile_app\lib\features\courses\data\models\continue_learning_model.dart", "Dart", 53, 0, 10, 4, 67
"c:\Users\Bashar Al-himyary\Desktop\projects\algonaidPlatform\algonaid_mobile_app\lib\features\courses\data\models\courseProgress_model.dart", "Dart", 49, 0, 2, 11, 62
"c:\Users\Bashar Al-himyary\Desktop\projects\algonaidPlatform\algonaid_mobile_app\lib\features\courses\data\models\course_model.dart", "Dart", 124, 0, 1, 21, 146
"c:\Users\Bashar Al-himyary\Desktop\projects\algonaidPlatform\algonaid_mobile_app\lib\features\courses\data\models\course_model.g.dart", "Dart", 69, 0, 4, 8, 81
"c:\Users\Bashar Al-himyary\Desktop\projects\algonaidPlatform\algonaid_mobile_app\lib\features\courses\data\models\course_progress_model.g.dart", "Dart", 39, 0, 0, 6, 45
"c:\Users\Bashar Al-himyary\Desktop\projects\algonaidPlatform\algonaid_mobile_app\lib\features\courses\data\models\lesson_progress_model.dart", "Dart", 47, 0, 0, 10, 57
"c:\Users\Bashar Al-himyary\Desktop\projects\algonaidPlatform\algonaid_mobile_app\lib\features\courses\data\models\progress_model.dart", "Dart", 29, 0, 0, 6, 35
"c:\Users\Bashar Al-himyary\Desktop\projects\algonaidPlatform\algonaid_mobile_app\lib\features\courses\data\models\teacher_model.dart", "Dart", 75, 0, 0, 8, 83
"c:\Users\Bashar Al-himyary\Desktop\projects\algonaidPlatform\algonaid_mobile_app\lib\features\courses\data\models\teacher_model.g.dart", "Dart", 45, 0, 4, 8, 57
"c:\Users\Bashar Al-himyary\Desktop\projects\algonaidPlatform\algonaid_mobile_app\lib\features\courses\data\models\user_model.dart", "Dart", 23, 0, 0, 9, 32
"c:\Users\Bashar Al-himyary\Desktop\projects\algonaidPlatform\algonaid_mobile_app\lib\features\courses\data\models\user_model.g.dart", "Dart", 33, 0, 4, 8, 45
"c:\Users\Bashar Al-himyary\Desktop\projects\algonaidPlatform\algonaid_mobile_app\lib\features\courses\data\repositories\courses_repository_impl.dart", "Dart", 105, 0, 0, 19, 124
"c:\Users\Bashar Al-himyary\Desktop\projects\algonaidPlatform\algonaid_mobile_app\lib\features\courses\domain\README.md", "Markdown", 0, 2, 0, 1, 3
"c:\Users\Bashar Al-himyary\Desktop\projects\algonaidPlatform\algonaid_mobile_app\lib\features\courses\domain\entities\courseProgress_entity.dart", "Dart", 15, 0, 0, 3, 18
"c:\Users\Bashar Al-himyary\Desktop\projects\algonaidPlatform\algonaid_mobile_app\lib\features\courses\domain\entities\course_entity.dart", "Dart", 66, 0, 0, 4, 70
"c:\Users\Bashar Al-himyary\Desktop\projects\algonaidPlatform\algonaid_mobile_app\lib\features\courses\domain\entities\teacher_entity.dart", "Dart", 17, 0, 0, 3, 20
"c:\Users\Bashar Al-himyary\Desktop\projects\algonaidPlatform\algonaid_mobile_app\lib\features\courses\domain\entities\user_entity.dart", "Dart", 5, 0, 0, 2, 7
"c:\Users\Bashar Al-himyary\Desktop\projects\algonaidPlatform\algonaid_mobile_app\lib\features\courses\domain\repositories\courses_repository.dart", "Dart", 10, 0, 1, 4, 15
"c:\Users\Bashar Al-himyary\Desktop\projects\algonaidPlatform\algonaid_mobile_app\lib\features\courses\domain\usecases\enroll_usecase.dart", "Dart", 16, 0, 0, 5, 21
"c:\Users\Bashar Al-himyary\Desktop\projects\algonaidPlatform\algonaid_mobile_app\lib\features\courses\domain\usecases\get_continue_learning.dart", "Dart", 0, 0, 8, 4, 12
"c:\Users\Bashar Al-himyary\Desktop\projects\algonaidPlatform\algonaid_mobile_app\lib\features\courses\domain\usecases\get_course_progress.dart", "Dart", 17, 0, 0, 5, 22
"c:\Users\Bashar Al-himyary\Desktop\projects\algonaidPlatform\algonaid_mobile_app\lib\features\courses\domain\usecases\get_courses_usecase.dart", "Dart", 13, 0, 0, 4, 17
"c:\Users\Bashar Al-himyary\Desktop\projects\algonaidPlatform\algonaid_mobile_app\lib\features\courses\domain\usecases\get_mycourese_usecase.dart", "Dart", 13, 0, 0, 4, 17
"c:\Users\Bashar Al-himyary\Desktop\projects\algonaidPlatform\algonaid_mobile_app\lib\features\courses\presentation\README.md", "Markdown", 0, 2, 0, 1, 3
"c:\Users\Bashar Al-himyary\Desktop\projects\algonaidPlatform\algonaid_mobile_app\lib\features\courses\presentation\pages\courses_page.dart", "Dart", 141, 0, 0, 18, 159
"c:\Users\Bashar Al-himyary\Desktop\projects\algonaidPlatform\algonaid_mobile_app\lib\features\courses\presentation\providers\get_courses_provider.dart", "Dart", 144, 0, 7, 28, 179
"c:\Users\Bashar Al-himyary\Desktop\projects\algonaidPlatform\algonaid_mobile_app\lib\features\courses\presentation\widgets\all_courses_section.dart", "Dart", 80, 0, 1, 7, 88
"c:\Users\Bashar Al-himyary\Desktop\projects\algonaidPlatform\algonaid_mobile_app\lib\features\courses\presentation\widgets\bottomNavigationBar.dart", "Dart", 137, 0, 0, 12, 149
"c:\Users\Bashar Al-himyary\Desktop\projects\algonaidPlatform\algonaid_mobile_app\lib\features\courses\presentation\widgets\buildCourseCard.dart", "Dart", 34, 0, 0, 4, 38
"c:\Users\Bashar Al-himyary\Desktop\projects\algonaidPlatform\algonaid_mobile_app\lib\features\courses\presentation\widgets\buildCourseDetails.dart", "Dart", 242, 0, 5, 17, 264
"c:\Users\Bashar Al-himyary\Desktop\projects\algonaidPlatform\algonaid_mobile_app\lib\features\courses\presentation\widgets\buildCourseImage.dart", "Dart", 66, 0, 0, 11, 77
"c:\Users\Bashar Al-himyary\Desktop\projects\algonaidPlatform\algonaid_mobile_app\lib\features\courses\presentation\widgets\buildShimmerSection.dart", "Dart", 43, 0, 1, 6, 50
"c:\Users\Bashar Al-himyary\Desktop\projects\algonaidPlatform\algonaid_mobile_app\lib\features\courses\presentation\widgets\continue_learning_card.dart", "Dart", 208, 0, 1, 13, 222
"c:\Users\Bashar Al-himyary\Desktop\projects\algonaidPlatform\algonaid_mobile_app\lib\features\courses\presentation\widgets\courseHeader.dart", "Dart", 31, 0, 0, 3, 34
"c:\Users\Bashar Al-himyary\Desktop\projects\algonaidPlatform\algonaid_mobile_app\lib\features\courses\presentation\widgets\courses_state_widgets.dart", "Dart", 26, 0, 0, 5, 31
"c:\Users\Bashar Al-himyary\Desktop\projects\algonaidPlatform\algonaid_mobile_app\lib\features\courses\presentation\widgets\my_courses_section.dart", "Dart", 89, 0, 5, 7, 101
"c:\Users\Bashar Al-himyary\Desktop\projects\algonaidPlatform\algonaid_mobile_app\lib\features\courses\presentation\widgets\sliver_appbar.dart", "Dart", 223, 0, 0, 18, 241
"c:\Users\Bashar Al-himyary\Desktop\projects\algonaidPlatform\algonaid_mobile_app\lib\features\courses\presentation\widgets\welcomeNewUserCard.dart", "Dart", 124, 0, 6, 9, 139
"c:\Users\Bashar Al-himyary\Desktop\projects\algonaidPlatform\algonaid_mobile_app\lib\features\exams\data\datasources\exam_datasources.dart", "Dart", 109, 0, 0, 16, 125
"c:\Users\Bashar Al-himyary\Desktop\projects\algonaidPlatform\algonaid_mobile_app\lib\features\exams\data\datasources\exam_local_data_source.dart", "Dart", 84, 0, 0, 15, 99
"c:\Users\Bashar Al-himyary\Desktop\projects\algonaidPlatform\algonaid_mobile_app\lib\features\exams\data\datasources\exam_mock_data_source.dart", "Dart", 188, 0, 0, 27, 215
"c:\Users\Bashar Al-himyary\Desktop\projects\algonaidPlatform\algonaid_mobile_app\lib\features\exams\data\datasources\exam_remote_data_source.dart", "Dart", 70, 0, 0, 12, 82
"c:\Users\Bashar Al-himyary\Desktop\projects\algonaidPlatform\algonaid_mobile_app\lib\features\exams\data\models\exam_model.dart", "Dart", 36, 0, 1, 4, 41
"c:\Users\Bashar Al-himyary\Desktop\projects\algonaidPlatform\algonaid_mobile_app\lib\features\exams\data\models\exam_models.dart", "Dart", 313, 0, 14, 27, 354
"c:\Users\Bashar Al-himyary\Desktop\projects\algonaidPlatform\algonaid_mobile_app\lib\features\exams\data\models\exam_models.g.dart", "Dart", 251, 0, 4, 28, 283
"c:\Users\Bashar Al-himyary\Desktop\projects\algonaidPlatform\algonaid_mobile_app\lib\features\exams\data\models\option_model.dart", "Dart", 22, 0, 1, 4, 27
"c:\Users\Bashar Al-himyary\Desktop\projects\algonaidPlatform\algonaid_mobile_app\lib\features\exams\data\models\question_model.dart", "Dart", 34, 0, 1, 4, 39
"c:\Users\Bashar Al-himyary\Desktop\projects\algonaidPlatform\algonaid_mobile_app\lib\features\exams\data\repositories\exam_repository_impl.dart", "Dart", 157, 0, 0, 15, 172
"c:\Users\Bashar Al-himyary\Desktop\projects\algonaidPlatform\algonaid_mobile_app\lib\features\exams\domain\entities\exam.dart", "Dart", 27, 0, 1, 4, 32
"c:\Users\Bashar Al-himyary\Desktop\projects\algonaidPlatform\algonaid_mobile_app\lib\features\exams\domain\entities\exam_entities.dart", "Dart", 219, 0, 6, 20, 245
"c:\Users\Bashar Al-himyary\Desktop\projects\algonaidPlatform\algonaid_mobile_app\lib\features\exams\domain\entities\option.dart", "Dart", 17, 0, 1, 4, 22
"c:\Users\Bashar Al-himyary\Desktop\projects\algonaidPlatform\algonaid_mobile_app\lib\features\exams\domain\entities\question.dart", "Dart", 25, 0, 1, 5, 31
"c:\Users\Bashar Al-himyary\Desktop\projects\algonaidPlatform\algonaid_mobile_app\lib\features\exams\domain\repositories\exam_repository.dart", "Dart", 14, 0, 1, 2, 17
"c:\Users\Bashar Al-himyary\Desktop\projects\algonaidPlatform\algonaid_mobile_app\lib\features\exams\domain\usecases\exam_usecases.dart", "Dart", 49, 0, 0, 13, 62
"c:\Users\Bashar Al-himyary\Desktop\projects\algonaidPlatform\algonaid_mobile_app\lib\features\exams\domain\usecases\start_exam.dart", "Dart", 20, 0, 0, 7, 27
"c:\Users\Bashar Al-himyary\Desktop\projects\algonaidPlatform\algonaid_mobile_app\lib\features\exams\domain\usecases\submit_exam.dart", "Dart", 21, 0, 0, 7, 28
"c:\Users\Bashar Al-himyary\Desktop\projects\algonaidPlatform\algonaid_mobile_app\lib\features\exams\presentation\pages\exam_intro_page.dart", "Dart", 72, 0, 0, 10, 82
"c:\Users\Bashar Al-himyary\Desktop\projects\algonaidPlatform\algonaid_mobile_app\lib\features\exams\presentation\pages\exam_page.dart", "Dart", 280, 0, 11, 17, 308
"c:\Users\Bashar Al-himyary\Desktop\projects\algonaidPlatform\algonaid_mobile_app\lib\features\exams\presentation\pages\results_page.dart", "Dart", 110, 0, 0, 13, 123
"c:\Users\Bashar Al-himyary\Desktop\projects\algonaidPlatform\algonaid_mobile_app\lib\features\exams\presentation\providers\exam_provider.dart", "Dart", 258, 0, 19, 35, 312
"c:\Users\Bashar Al-himyary\Desktop\projects\algonaidPlatform\algonaid_mobile_app\lib\features\exams\presentation\widgets\exam_intro_content.dart", "Dart", 230, 0, 0, 11, 241
"c:\Users\Bashar Al-himyary\Desktop\projects\algonaidPlatform\algonaid_mobile_app\lib\features\exams\presentation\widgets\exam_widget.dart", "Dart", 398, 0, 13, 17, 428
"c:\Users\Bashar Al-himyary\Desktop\projects\algonaidPlatform\algonaid_mobile_app\lib\features\exams\presentation\widgets\results_actions_section.dart", "Dart", 78, 0, 0, 4, 82
"c:\Users\Bashar Al-himyary\Desktop\projects\algonaidPlatform\algonaid_mobile_app\lib\features\exams\presentation\widgets\results_questions_review_section.dart", "Dart", 272, 0, 0, 14, 286
"c:\Users\Bashar Al-himyary\Desktop\projects\algonaidPlatform\algonaid_mobile_app\lib\features\exams\presentation\widgets\results_statistics_section.dart", "Dart", 100, 0, 0, 7, 107
"c:\Users\Bashar Al-himyary\Desktop\projects\algonaidPlatform\algonaid_mobile_app\lib\features\exams\presentation\widgets\results_summary_card.dart", "Dart", 86, 0, 0, 4, 90
"c:\Users\Bashar Al-himyary\Desktop\projects\algonaidPlatform\algonaid_mobile_app\lib\features\lessons\data\README.md", "Markdown", 0, 2, 0, 1, 3
"c:\Users\Bashar Al-himyary\Desktop\projects\algonaidPlatform\algonaid_mobile_app\lib\features\lessons\data\datasources\lesson_local_data_source.dart", "Dart", 53, 0, 0, 9, 62
"c:\Users\Bashar Al-himyary\Desktop\projects\algonaidPlatform\algonaid_mobile_app\lib\features\lessons\data\datasources\lesson_remote_data_source.dart", "Dart", 67, 0, 0, 11, 78
"c:\Users\Bashar Al-himyary\Desktop\projects\algonaidPlatform\algonaid_mobile_app\lib\features\lessons\data\models\lessonProgress_model.dart", "Dart", 32, 0, 1, 5, 38
"c:\Users\Bashar Al-himyary\Desktop\projects\algonaidPlatform\algonaid_mobile_app\lib\features\lessons\data\models\lessonProgress_model.g.dart", "Dart", 42, 0, 4, 8, 54
"c:\Users\Bashar Al-himyary\Desktop\projects\algonaidPlatform\algonaid_mobile_app\lib\features\lessons\data\models\lesson_detail_model.dart", "Dart", 63, 0, 0, 6, 69
"c:\Users\Bashar Al-himyary\Desktop\projects\algonaidPlatform\algonaid_mobile_app\lib\features\lessons\data\models\lesson_model.dart", "Dart", 61, 0, 1, 9, 71
"c:\Users\Bashar Al-himyary\Desktop\projects\algonaidPlatform\algonaid_mobile_app\lib\features\lessons\data\models\lesson_model.g.dart", "Dart", 50, 0, 4, 8, 62
"c:\Users\Bashar Al-himyary\Desktop\projects\algonaidPlatform\algonaid_mobile_app\lib\features\lessons\data\repositories\lesson_repository_impl.dart", "Dart", 101, 0, 0, 13, 114
"c:\Users\Bashar Al-himyary\Desktop\projects\algonaidPlatform\algonaid_mobile_app\lib\features\lessons\domain\README.md", "Markdown", 0, 2, 0, 1, 3
"c:\Users\Bashar Al-himyary\Desktop\projects\algonaidPlatform\algonaid_mobile_app\lib\features\lessons\domain\entities\lesson.dart", "Dart", 37, 0, 2, 4, 43
"c:\Users\Bashar Al-himyary\Desktop\projects\algonaidPlatform\algonaid_mobile_app\lib\features\lessons\domain\entities\lessonProgress_entity.dart", "Dart", 14, 0, 0, 3, 17
"c:\Users\Bashar Al-himyary\Desktop\projects\algonaidPlatform\algonaid_mobile_app\lib\features\lessons\domain\entities\lesson_detail.dart", "Dart", 36, 0, 0, 4, 40
"c:\Users\Bashar Al-himyary\Desktop\projects\algonaidPlatform\algonaid_mobile_app\lib\features\lessons\domain\repositories\lesson_repository.dart", "Dart", 9, 0, 1, 3, 13
"c:\Users\Bashar Al-himyary\Desktop\projects\algonaidPlatform\algonaid_mobile_app\lib\features\lessons\domain\usecases\get_lesson_detail.dart", "Dart", 13, 0, 0, 4, 17
"c:\Users\Bashar Al-himyary\Desktop\projects\algonaidPlatform\algonaid_mobile_app\lib\features\lessons\domain\usecases\get_module_lessons.dart", "Dart", 13, 0, 1, 5, 19
"c:\Users\Bashar Al-himyary\Desktop\projects\algonaidPlatform\algonaid_mobile_app\lib\features\lessons\domain\usecases\update_lesson_progress.dart", "Dart", 13, 0, 0, 4, 17
"c:\Users\Bashar Al-himyary\Desktop\projects\algonaidPlatform\algonaid_mobile_app\lib\features\lessons\presentation\README.md", "Markdown", 0, 2, 0, 1, 3
"c:\Users\Bashar Al-himyary\Desktop\projects\algonaidPlatform\algonaid_mobile_app\lib\features\lessons\presentation\controllers\lesson_detail_download_controller.dart", "Dart", 242, 0, 3, 52, 297
"c:\Users\Bashar Al-himyary\Desktop\projects\algonaidPlatform\algonaid_mobile_app\lib\features\lessons\presentation\pages\lesson_detail_page.dart", "Dart", 188, 0, 8, 23, 219
"c:\Users\Bashar Al-himyary\Desktop\projects\algonaidPlatform\algonaid_mobile_app\lib\features\lessons\presentation\pages\lesson_pdf_viewer_page.dart", "Dart", 38, 0, 1, 5, 44
"c:\Users\Bashar Al-himyary\Desktop\projects\algonaidPlatform\algonaid_mobile_app\lib\features\lessons\presentation\pages\lessons_list_page.dart", "Dart", 169, 0, 5, 15, 189
"c:\Users\Bashar Al-himyary\Desktop\projects\algonaidPlatform\algonaid_mobile_app\lib\features\lessons\presentation\providers\lesson_detail_provider.dart", "Dart", 92, 0, 2, 12, 106
"c:\Users\Bashar Al-himyary\Desktop\projects\algonaidPlatform\algonaid_mobile_app\lib\features\lessons\presentation\providers\lessons_list_provider.dart", "Dart", 59, 0, 0, 10, 69
"c:\Users\Bashar Al-himyary\Desktop\projects\algonaidPlatform\algonaid_mobile_app\lib\features\lessons\presentation\widgets\lessonHeader.dart", "Dart", 245, 0, 1, 11, 257
"c:\Users\Bashar Al-himyary\Desktop\projects\algonaidPlatform\algonaid_mobile_app\lib\features\lessons\presentation\widgets\lesson_card.dart", "Dart", 100, 0, 0, 4, 104
"c:\Users\Bashar Al-himyary\Desktop\projects\algonaidPlatform\algonaid_mobile_app\lib\features\lessons\presentation\widgets\lesson_detail_app_bar.dart", "Dart", 27, 0, 0, 5, 32
"c:\Users\Bashar Al-himyary\Desktop\projects\algonaidPlatform\algonaid_mobile_app\lib\features\lessons\presentation\widgets\lesson_detail_bottom_bar.dart", "Dart", 72, 0, 0, 4, 76
"c:\Users\Bashar Al-himyary\Desktop\projects\algonaidPlatform\algonaid_mobile_app\lib\features\lessons\presentation\widgets\lesson_detail_content.dart", "Dart", 63, 0, 0, 6, 69
"c:\Users\Bashar Al-himyary\Desktop\projects\algonaidPlatform\algonaid_mobile_app\lib\features\lessons\presentation\widgets\lesson_info_card.dart", "Dart", 41, 0, 3, 4, 48
"c:\Users\Bashar Al-himyary\Desktop\projects\algonaidPlatform\algonaid_mobile_app\lib\features\lessons\presentation\widgets\lesson_pdf_card.dart", "Dart", 76, 0, 0, 4, 80
"c:\Users\Bashar Al-himyary\Desktop\projects\algonaidPlatform\algonaid_mobile_app\lib\features\lessons\presentation\widgets\lesson_quiz_card.dart", "Dart", 80, 0, 1, 5, 86
"c:\Users\Bashar Al-himyary\Desktop\projects\algonaidPlatform\algonaid_mobile_app\lib\features\lessons\presentation\widgets\lesson_tabs.dart", "Dart", 73, 0, 5, 4, 82
"c:\Users\Bashar Al-himyary\Desktop\projects\algonaidPlatform\algonaid_mobile_app\lib\features\lessons\presentation\widgets\lesson_video_player.dart", "Dart", 190, 0, 8, 21, 219
"c:\Users\Bashar Al-himyary\Desktop\projects\algonaidPlatform\algonaid_mobile_app\lib\features\lessons\presentation\widgets\lessons_error_state.dart", "Dart", 14, 0, 0, 4, 18
"c:\Users\Bashar Al-himyary\Desktop\projects\algonaidPlatform\algonaid_mobile_app\lib\features\lessons\presentation\widgets\moduleTimelineList.dart", "Dart", 154, 0, 0, 14, 168
"c:\Users\Bashar Al-himyary\Desktop\projects\algonaidPlatform\algonaid_mobile_app\lib\features\lessons\presentation\widgets\textDivider.dart", "Dart", 31, 0, 0, 4, 35
"c:\Users\Bashar Al-himyary\Desktop\projects\algonaidPlatform\algonaid_mobile_app\lib\features\modules\data\datasources\module_local_datasource.dart", "Dart", 45, 0, 0, 9, 54
"c:\Users\Bashar Al-himyary\Desktop\projects\algonaidPlatform\algonaid_mobile_app\lib\features\modules\data\datasources\module_remote_datasource.dart", "Dart", 32, 0, 2, 9, 43
"c:\Users\Bashar Al-himyary\Desktop\projects\algonaidPlatform\algonaid_mobile_app\lib\features\modules\data\models\last_accessed_module_model.dart", "Dart", 73, 0, 0, 13, 86
"c:\Users\Bashar Al-himyary\Desktop\projects\algonaidPlatform\algonaid_mobile_app\lib\features\modules\data\models\last_accessed_module_model.g.dart", "Dart", 52, 0, 4, 8, 64
"c:\Users\Bashar Al-himyary\Desktop\projects\algonaidPlatform\algonaid_mobile_app\lib\features\modules\data\models\module_model.dart", "Dart", 47, 0, 0, 9, 56
"c:\Users\Bashar Al-himyary\Desktop\projects\algonaidPlatform\algonaid_mobile_app\lib\features\modules\data\models\module_model.g.dart", "Dart", 51, 0, 4, 8, 63
"c:\Users\Bashar Al-himyary\Desktop\projects\algonaidPlatform\algonaid_mobile_app\lib\features\modules\data\repositories\module_repository_impl.dart", "Dart", 85, 0, 0, 9, 94
"c:\Users\Bashar Al-himyary\Desktop\projects\algonaidPlatform\algonaid_mobile_app\lib\features\modules\domain\entities\last_accessed_module_entity.dart", "Dart", 32, 0, 0, 5, 37
"c:\Users\Bashar Al-himyary\Desktop\projects\algonaidPlatform\algonaid_mobile_app\lib\features\modules\domain\entities\module.dart", "Dart", 33, 0, 1, 5, 39
"c:\Users\Bashar Al-himyary\Desktop\projects\algonaidPlatform\algonaid_mobile_app\lib\features\modules\domain\repositories\module_repository.dart", "Dart", 9, 0, 1, 3, 13
"c:\Users\Bashar Al-himyary\Desktop\projects\algonaidPlatform\algonaid_mobile_app\lib\features\modules\domain\usecases\get_cached_last_accessed_module_usecase.dart", "Dart", 11, 0, 0, 4, 15
"c:\Users\Bashar Al-himyary\Desktop\projects\algonaidPlatform\algonaid_mobile_app\lib\features\modules\domain\usecases\get_last_accessed_module_usecase.dart", "Dart", 11, 0, 0, 4, 15
"c:\Users\Bashar Al-himyary\Desktop\projects\algonaidPlatform\algonaid_mobile_app\lib\features\modules\domain\usecases\get_modules_by_course.dart", "Dart", 13, 0, 1, 5, 19
"c:\Users\Bashar Al-himyary\Desktop\projects\algonaidPlatform\algonaid_mobile_app\lib\features\modules\presentation\pages\modules_list_page.dart", "Dart", 75, 0, 4, 12, 91
"c:\Users\Bashar Al-himyary\Desktop\projects\algonaidPlatform\algonaid_mobile_app\lib\features\modules\presentation\providers\last_accessed_module_provider.dart", "Dart", 53, 0, 0, 8, 61
"c:\Users\Bashar Al-himyary\Desktop\projects\algonaidPlatform\algonaid_mobile_app\lib\features\modules\presentation\providers\modules_list_provider.dart", "Dart", 48, 0, 1, 11, 60
"c:\Users\Bashar Al-himyary\Desktop\projects\algonaidPlatform\algonaid_mobile_app\lib\features\modules\presentation\widgets\animatedModuleItem.dart", "Dart", 31, 0, 0, 8, 39
"c:\Users\Bashar Al-himyary\Desktop\projects\algonaidPlatform\algonaid_mobile_app\lib\features\modules\presentation\widgets\buildExpertBadge.dart", "Dart", 124, 0, 0, 6, 130
"c:\Users\Bashar Al-himyary\Desktop\projects\algonaidPlatform\algonaid_mobile_app\lib\features\modules\presentation\widgets\moduleHaeder.dart", "Dart", 112, 0, 3, 6, 121
"c:\Users\Bashar Al-himyary\Desktop\projects\algonaidPlatform\algonaid_mobile_app\lib\features\modules\presentation\widgets\module_card.dart", "Dart", 112, 0, 0, 15, 127
"c:\Users\Bashar Al-himyary\Desktop\projects\algonaidPlatform\algonaid_mobile_app\lib\features\modules\presentation\widgets\modules_error_state.dart", "Dart", 14, 0, 1, 5, 20
"c:\Users\Bashar Al-himyary\Desktop\projects\algonaidPlatform\algonaid_mobile_app\lib\features\modules\presentation\widgets\progressInfo.dart", "Dart", 84, 0, 0, 5, 89
"c:\Users\Bashar Al-himyary\Desktop\projects\algonaidPlatform\algonaid_mobile_app\lib\features\modules\presentation\widgets\sliverListItemBuilder.dart", "Dart", 42, 0, 0, 5, 47
"c:\Users\Bashar Al-himyary\Desktop\projects\algonaidPlatform\algonaid_mobile_app\lib\features\onboard\data\models\onboarding_data.dart", "Dart", 30, 0, 4, 5, 39
"c:\Users\Bashar Al-himyary\Desktop\projects\algonaidPlatform\algonaid_mobile_app\lib\features\onboard\domain\entity\onboarding_entity.dart", "Dart", 10, 0, 0, 2, 12
"c:\Users\Bashar Al-himyary\Desktop\projects\algonaidPlatform\algonaid_mobile_app\lib\features\onboard\presentaion\pages\onboarding_screen.dart", "Dart", 69, 0, 0, 8, 77
"c:\Users\Bashar Al-himyary\Desktop\projects\algonaidPlatform\algonaid_mobile_app\lib\features\onboard\presentaion\providers\onboarding_provider.dart", "Dart", 42, 0, 4, 12, 58
"c:\Users\Bashar Al-himyary\Desktop\projects\algonaidPlatform\algonaid_mobile_app\lib\features\onboard\presentaion\widgets\moveButtonWidget.dart", "Dart", 155, 0, 5, 19, 179
"c:\Users\Bashar Al-himyary\Desktop\projects\algonaidPlatform\algonaid_mobile_app\lib\features\onboard\presentaion\widgets\onBoardingFooter.dart", "Dart", 63, 0, 2, 5, 70
"c:\Users\Bashar Al-himyary\Desktop\projects\algonaidPlatform\algonaid_mobile_app\lib\features\onboard\presentaion\widgets\onBoardingImage.dart", "Dart", 31, 0, 0, 4, 35
"c:\Users\Bashar Al-himyary\Desktop\projects\algonaidPlatform\algonaid_mobile_app\lib\features\onboard\presentaion\widgets\onBoardingTitle.dart", "Dart", 37, 0, 1, 4, 42
"c:\Users\Bashar Al-himyary\Desktop\projects\algonaidPlatform\algonaid_mobile_app\lib\features\onboard\presentaion\widgets\onBoardingdescription.dart", "Dart", 27, 0, 0, 4, 31
"c:\Users\Bashar Al-himyary\Desktop\projects\algonaidPlatform\algonaid_mobile_app\lib\features\profile\presentation\pages\profile_page.dart", "Dart", 29, 0, 0, 3, 32
"c:\Users\Bashar Al-himyary\Desktop\projects\algonaidPlatform\algonaid_mobile_app\lib\features\profile\presentation\widgets\badges_section.dart", "Dart", 55, 0, 0, 4, 59
"c:\Users\Bashar Al-himyary\Desktop\projects\algonaidPlatform\algonaid_mobile_app\lib\features\profile\presentation\widgets\profile_header.dart", "Dart", 89, 0, 0, 5, 94
"c:\Users\Bashar Al-himyary\Desktop\projects\algonaidPlatform\algonaid_mobile_app\lib\features\profile\presentation\widgets\settings_section.dart", "Dart", 100, 0, 3, 4, 107
"c:\Users\Bashar Al-himyary\Desktop\projects\algonaidPlatform\algonaid_mobile_app\lib\main.dart", "Dart", 57, 0, 9, 11, 77
"Total", "-", 14191, 120, 494, 1872, 16677